player,EDGE,positive_EDGE,negative_EDGE,points,matches,coverage,eventRate,ace_edge,double_fault_edge,forced_return_error_drawn_edge,unforced_return_error_edge,return_winner_edge,winner_edge,forced_error_drawn_edge,unforced_error_edge,ace_count,double_fault_count,forced_return_error_drawn_count,unforced_return_error_count,return_winner_count,winner_count,forced_error_drawn_count,unforced_error_count,wta_rank
Aryna Sabalenka,0.03214790085160775,0.06353307528068662,-0.03138517442907887,6120.0,46.0,0.9978758169934641,0.5519607843137255,0.004850262091430486,-0.004624190377382112,0.012672410260169667,-0.0029421214058012206,0.0036791560283327457,0.024223602041992726,0.018107644858761,-0.02381886264589554,207.0,145.0,524.0,121.0,118.0,859.0,614.0,790.0,1
Elena Rybakina,0.028929403730981,0.062151620973322504,-0.0332222172423415,17186.0,127.0,0.9974979634586291,0.5572559059699755,0.0077014620066521025,-0.0036000089486375813,0.012220442941550402,-0.0026408982787587813,0.002675838241073505,0.021248967745197647,0.018304910038848852,-0.026981310014945137,923.0,317.0,1419.0,305.0,241.0,2116.0,1743.0,2513.0,2
Iga Swiatek,0.02414354770719103,0.05841091818329781,-0.03426737047610678,26866.0,218.0,0.9937467430953622,0.5353606789250354,0.00290897357106305,-0.0032182504700321874,0.010836292246587451,-0.003528280167698431,0.003231662562755068,0.02367823365580609,0.017755756147086153,-0.027520839838376162,545.0,443.0,1967.0,637.0,455.0,3686.0,2643.0,4007.0,3
Coco Gauff,0.01761743079897863,0.05221382813222298,-0.03459639733324435,13371.0,104.0,0.9982798593972029,0.5021314785730312,0.004751011931800878,-0.007415133067532097,0.011655847105623228,-0.0018029254421759947,0.0013557428959414177,0.018199196124913677,0.01625203007394379,-0.025378338823536257,443.0,508.0,1053.0,162.0,95.0,1410.0,1204.0,1839.0,4
Jessica Pegula,0.023128378391434293,0.05124911326307074,-0.02812073487163644,11103.0,78.0,0.9989192110240476,0.46032603800774563,0.0032288357456981176,-0.0031289511871628217,0.011077456252513778,-0.002506270304172984,0.0024404259002088987,0.016865001328888143,0.017637394035761794,-0.022485513380300637,250.0,178.0,831.0,187.0,142.0,1085.0,1085.0,1353.0,5
Amanda Anisimova,0.020859517819023673,0.06093657404614723,-0.040077056227123556,8849.0,63.0,0.984292010396655,0.5822126793988022,0.003224817671426264,-0.005580144581093026,0.011808367629265975,-0.004574054664581742,0.005218417138201894,0.02238951439729788,0.018295457209955217,-0.029922856981448788,199.0,253.0,706.0,272.0,242.0,1148.0,897.0,1435.0,6
Elina Svitolina,0.018314946858412142,0.04957845141513172,-0.031263504556719585,11205.0,79.0,0.9983935742971888,0.4686300758589915,0.003826534305064301,-0.0040062228224487595,0.010540722743766622,-0.0024568945059563452,0.0016348465423018286,0.01846733823945609,0.015109009584542882,-0.02480038722831448,299.0,230.0,798.0,185.0,96.0,1199.0,938.0,1506.0,7
Mirra Andreeva,0.013815882765418123,0.049023424626500875,-0.035207541861082756,15612.0,113.0,0.9992313604919293,0.4865488086087625,0.0036097763184225152,-0.004850564774451336,0.009366509147241835,-0.0033265459437975833,0.00228560240767919,0.021114062657188674,0.012647474095968666,-0.027030431142833832,393.0,388.0,988.0,349.0,187.0,1910.0,1094.0,2287.0,8
Victoria Mboko,0.01454058637898759,0.05251721780639383,-0.037976631427406246,3283.0,24.0,0.998172403289674,0.5229972586049345,0.004761040752980805,-0.00844182970907633,0.012713279212721572,-0.001994382411154263,0.002034298985706733,0.017505331205805864,0.015503267649178865,-0.027540419307175653,109.0,142.0,282.0,44.0,35.0,333.0,282.0,490.0,9
Karolina Muchova,0.021716487941794628,0.054405615120119884,-0.032689127178325256,8410.0,60.0,0.9979785969084424,0.5055885850178359,0.003802376795453233,-0.0028080736875304457,0.011087251862811034,-0.003025706207288739,0.00167901024014121,0.02152665119236181,0.016310325029352594,-0.02685534728350607,223.0,121.0,630.0,171.0,74.0,1049.0,760.0,1224.0,10
Belinda Bencic,0.030803368807034992,0.05874364257929498,-0.02794027377225999,5661.0,42.0,0.9991167638226461,0.5037979155626214,0.0034450222976082833,-0.005412845399806089,0.0138306272490814,-0.0021554965849962036,0.003808929282653232,0.0200599441759824,0.017599119573969667,-0.0203719317874577,136.0,157.0,529.0,82.0,113.0,658.0,552.0,625.0,11
Linda Noskova,0.022025533115975167,0.058395531867777434,-0.03636999875180227,6181.0,47.0,0.9954699886749717,0.550719948228442,0.005150394725226297,-0.006378400004613541,0.012882581293271378,-0.003153836635408904,0.0030254149807815195,0.022532624144304056,0.014804516724194186,-0.026837762111779826,222.0,202.0,538.0,131.0,98.0,807.0,507.0,899.0,12
Jasmine Paolini,0.02006561089702395,0.05166889982903448,-0.031603288932010525,6767.0,49.0,0.9951233929363086,0.47982857987291266,0.001335028867694772,-0.002336188963556265,0.010957737918443294,-0.0024629096922625096,0.0020866670784080946,0.02032633721583969,0.016963128748648623,-0.02680419027619175,63.0,81.0,501.0,112.0,74.0,797.0,636.0,983.0,13
Ekaterina Alexandrova,0.019733403202692706,0.05566717394526527,-0.03593377074257256,7038.0,47.0,0.9975845410628019,0.5301221938050582,0.005378992615575082,-0.0069605504331209005,0.010683014291679706,-0.003594399130335663,0.003985526427154854,0.01905323559915812,0.0165664050116975,-0.025378821179115996,264.0,251.0,508.0,170.0,147.0,777.0,646.0,968.0,14
Marta Kostyuk,0.01411782302345425,0.05078708912913739,-0.036669266105683135,8569.0,57.0,0.9980161045629595,0.504142840471467,0.003279987678263179,-0.006969641010322719,0.009914278380248888,-0.003837856856470197,0.003162101618627541,0.020845253853759384,0.013585467598238398,-0.02586176823889022,196.0,306.0,574.0,221.0,142.0,1035.0,645.0,1201.0,15
Naomi Osaka,0.017179759816104794,0.05593820557707049,-0.0387584457609657,5698.0,41.0,0.9975429975429976,0.5512460512460512,0.007046636517835126,-0.003802066069356721,0.010078331524985494,-0.004256883855972469,0.0024111691172111253,0.020596026843141445,0.015806041573897305,-0.03069949583563651,280.0,111.0,388.0,163.0,72.0,680.0,499.0,948.0,16
Iva Jovic,0.01619697688012957,0.05030889752004983,-0.03411192063992026,6041.0,44.0,0.9988412514484357,0.4875020691938421,0.0028010409320108403,-0.00271387334730445,0.010584108193959272,-0.002808165226871743,0.002053156913731824,0.018826672168493954,0.016043919311853932,-0.02858988206574407,118.0,84.0,432.0,114.0,65.0,659.0,537.0,936.0,17
Sorana Cirstea,0.026283511984470063,0.05571966869018931,-0.029436156705719245,3654.0,27.0,0.9980842911877394,0.4939792008757526,0.003571240786960311,-0.0024570184305166038,0.012273076608531185,-0.0016289887684279854,0.0022455231332647882,0.019600923562884863,0.018028904598548164,-0.025350149506774652,91.0,46.0,303.0,40.0,43.0,415.0,365.0,502.0,18
Madison Keys,0.020353090545969045,0.057772100427924154,-0.03741900988195511,4004.0,32.0,0.9982517482517482,0.5521978021978022,0.0056227900456187144,-0.004143277126863094,0.011052397071859092,-0.0038279812116826513,0.004050815637622323,0.02081852916933149,0.01622756850349253,-0.029447751543409367,157.0,85.0,299.0,103.0,85.0,483.0,360.0,639.0,19
Clara Tauson,0.02038802537537413,0.0536917020829445,-0.03330367670757037,5714.0,41.0,0.9982499124956248,0.5073503675183759,0.006424598810520453,-0.0044745584461091175,0.01098259529156627,-0.0029949132410794703,0.0029053378198737076,0.020175913524079898,0.01320325663690417,-0.02583420502038178,256.0,131.0,424.0,115.0,87.0,668.0,418.0,800.0,20
Elise Mertens,0.014142586898144646,0.04815587918785105,-0.034013292289706405,4274.0,33.0,0.99859616284511,0.4770706598034628,0.004261038780654888,-0.006941098311613019,0.011046775417634427,-0.0035861574102895033,0.0016519040851178726,0.01683831068742455,0.014357850217019312,-0.023486036567803886,127.0,152.0,319.0,103.0,37.0,417.0,340.0,544.0,21
Leylah Fernandez,0.024310588393788777,0.05580844057760865,-0.031497852183819876,6042.0,44.0,0.9975173783515392,0.5026481297583582,0.002753109924528566,-0.0049746109953031,0.010337394483628781,-0.001847171350495239,0.0019580716950142463,0.023165256569759325,0.017594607904677734,-0.024676069838021533,116.0,154.0,422.0,75.0,62.0,811.0,589.0,808.0,22
Diana Shnaider,0.01626202827359142,0.05086732738271711,-0.03460529910912569,3785.0,27.0,0.9992073976221929,0.492998678996037,0.002652030044823286,-0.004125183088901347,0.010948925661675124,-0.002594804804155658,0.0014115938853527512,0.018831336729064747,0.017023441061801207,-0.02788531121606868,70.0,80.0,280.0,66.0,28.0,413.0,357.0,572.0,23
Anna Kalinskaya,0.021302741810535798,0.053221337501468104,-0.031918595690932305,4962.0,36.0,0.9985892785167271,0.49274486094316805,0.002080760142267639,-0.004248015777612588,0.012617199412141756,-0.0023091949914719927,0.0016535956325976493,0.020938073148053564,0.015931709166407494,-0.025361384921847724,72.0,108.0,423.0,77.0,43.0,602.0,438.0,682.0,24
Emma Navarro,0.015685591487019514,0.04686544450194145,-0.031179853014921943,3457.0,29.0,0.9936361006653167,0.4486549030951692,0.0017421927196394796,-0.003274520695351869,0.009504580525781807,-0.002711863410975261,0.002207894068374794,0.016025169590116645,0.01738560759802872,-0.025193468908594814,42.0,58.0,222.0,63.0,40.0,321.0,333.0,472.0,25
Hailey Baptiste,0.012473831447447684,0.05182368011978615,-0.03934984867233847,877.0,7.0,0.992018244013683,0.5290763968072976,0.004578305003263916,-0.005563646661734464,0.010632130919753794,-0.00475100053806739,0.0010878976331772608,0.0196787445422597,0.015846602021331483,-0.02903520147253661,28.0,25.0,63.0,28.0,5.0,100.0,77.0,138.0,26
Liudmila Samsonova,0.0224515647394554,0.060607615993200324,-0.038156051253744924,5745.0,41.0,0.9986074847693647,0.5735422106179286,0.005366544199244236,-0.005605482960391893,0.013808742027464894,-0.002616121936220286,0.0017603679682406358,0.020727935047619866,0.0189440267506307,-0.029934446357132747,215.0,165.0,536.0,101.0,53.0,690.0,603.0,932.0,27
Marie Bouzkova,0.012066542435046967,0.04322552235710572,-0.031158979922058756,4590.0,35.0,0.998474945533769,0.426797385620915,0.001468356317534511,-0.0036993523019056896,0.008609500100420614,-0.002334245082288572,0.0015797506110355292,0.0173334583490239,0.014234456979091167,-0.025125382537864494,47.0,87.0,267.0,72.0,38.0,461.0,362.0,625.0,28
Ann Li,0.017662245771871383,0.053983537285062506,-0.03632129151319112,495.0,4.0,0.9959595959595959,0.5212121212121212,0.003186645625287662,-0.0027600183318293235,0.013455092087480632,-0.0015031123635949138,0.003469404451987119,0.0167352814192114,0.01713711370109569,-0.032058160817766884,11.0,7.0,45.0,5.0,9.0,48.0,47.0,86.0,29
Anastasia Potapova,0.012163797046979792,0.05085611693085621,-0.03869231988387642,3915.0,29.0,0.9984674329501916,0.5144316730523627,0.0026372239657553066,-0.0061318633874631765,0.011039018080456653,-0.00258466217923907,0.002193301665049328,0.019219925691220757,0.015766647528374172,-0.02997579431717417,72.0,123.0,292.0,68.0,45.0,436.0,342.0,636.0,30
Jelena Ostapenko,0.02369892126478787,0.06291732147486054,-0.03921840021007266,4165.0,31.0,0.9987995198079231,0.5882352941176471,0.003580672635377253,-0.006607287925571176,0.011584624303890888,-0.0038586500339872314,0.0049479621716214854,0.024820401246514988,0.017983661117455915,-0.028752462250514258,104.0,141.0,326.0,108.0,108.0,599.0,415.0,649.0,31
Jaqueline Cristian,0.004253824389481391,0.041521903402349646,-0.03726807901286825,2601.0,18.0,0.9988465974625144,0.4529027297193387,0.003197672080738484,-0.004202104034619039,0.008592429049329232,-0.0026317469065018214,0.0010270824406113349,0.0156591661491756,0.01304555368249499,-0.03043422807174739,58.0,56.0,151.0,46.0,14.0,236.0,188.0,429.0,32
Cristina Bucsa,0.0140339578946073,0.051004816301901325,-0.03697085840729402,1488.0,12.0,0.9986559139784946,0.5053763440860215,0.0011564439769189098,-0.004197262900938603,0.009548775029824964,-0.004500245685359772,0.0028212227062529667,0.021224874935025548,0.016253499653878938,-0.028273349820995646,12.0,32.0,96.0,45.0,22.0,183.0,134.0,228.0,33
Xin Yu Wang,0.018290760252916118,0.05222490829016265,-0.03393414803724653,2523.0,18.0,0.9992072929052715,0.49782005548949665,0.003239693233794234,-0.0037905126911567995,0.009913997697434205,-0.003302915158053984,0.002193301665049328,0.021068346257538728,0.015809569436346156,-0.026840720188035752,57.0,49.0,169.0,56.0,29.0,308.0,221.0,367.0,34
Sara Bejlek,-0.0014785432923493675,0.035937282245345696,-0.03741582553769506,875.0,8.0,0.9714285714285714,0.4137142857142857,0.0004916538964729536,-0.008253018081216989,0.005581941060291966,-0.0023809299839343432,0.0017446148101420943,0.016567928605019287,0.011551143873419396,-0.026781877472543725,3.0,37.0,33.0,14.0,8.0,84.0,56.0,127.0,35
Katerina Siniakova,0.007376444618344134,0.04707220647981759,-0.03969576186147345,2891.0,21.0,0.9986163957108267,0.49429263230716014,0.0014384547011416114,-0.006075940934080959,0.00808887929714332,-0.0027280631517753416,0.0013200777921777347,0.020117721448358047,0.016107073240996868,-0.030891757775617153,29.0,90.0,158.0,53.0,20.0,337.0,258.0,484.0,36
Alexandra Eala,0.024861274898367834,0.052455805436384506,-0.027594530538016675,2443.0,20.0,0.9922226770364306,0.45804338927548094,0.0008217710781544114,-0.004314092158926251,0.009632810503890147,-0.002131921547219147,0.0033586334543387374,0.017660928124807365,0.020981662275193845,-0.021148516831871272,14.0,54.0,159.0,35.0,43.0,250.0,284.0,280.0,37
Elisabetta Cocciaretto,0.012427042572524865,0.047528900774113994,-0.03510185820158913,1323.0,9.0,0.999244142101285,0.47543461829176115,0.00184261821870375,-0.0028029340687673885,0.00950907868616356,-0.0031493782856274384,0.0005769228869517508,0.018001812070835392,0.01759846891145954,-0.029149545847194303,17.0,19.0,85.0,28.0,4.0,138.0,129.0,209.0,38
Emma Raducanu,0.018579496220941127,0.04992901100673291,-0.03134951478579178,8586.0,66.0,0.9979035639412998,0.47181458187747494,0.0035407173614307357,-0.0040234768583944985,0.011739121223773285,-0.0029983467797915315,0.0025113380700093114,0.015678362440692022,0.016459471910827556,-0.024327691147605753,212.0,177.0,681.0,173.0,113.0,780.0,783.0,1132.0,39
Janice Tjen,0.021579762048051968,0.05332152551981073,-0.03174176347175876,912.0,9.0,0.9989035087719298,0.4901315789473684,0.003301951881465834,-0.0036380880736754002,0.009737237694887301,-0.0026106688420332713,0.0014646060460691238,0.01665270601747187,0.022165023879916604,-0.025493006556050093,21.0,17.0,60.0,16.0,7.0,88.0,112.0,126.0,40
Barbora Krejcikova,0.0143346552793311,0.05187801858083325,-0.037543363301502146,3850.0,27.0,0.9992207792207792,0.518961038961039,0.005028278486655207,-0.005677751996906037,0.012148025998982515,-0.0028215566368053097,0.0020816426711922713,0.018603058363319817,0.014017013060683437,-0.029044054667790798,135.0,112.0,316.0,73.0,42.0,415.0,299.0,606.0,41
Tereza Valentova,0.004442556821419065,0.047085693313644435,-0.04264313649222537,1807.0,13.0,1.0,0.5174322080796901,0.0037298038170909824,-0.00583249980313051,0.010484100530809481,-0.003623440761383201,0.0023231761964053205,0.01996112962581299,0.010587483143525664,-0.03318719592771167,47.0,54.0,128.0,44.0,22.0,209.0,106.0,325.0,42
Lois Boisson,0.013501364472277988,0.04544059147009255,-0.03193922699781456,537.0,4.0,1.0,0.4506517690875233,0.004806672172221613,-0.004361401673601006,0.010473423636065,-0.0024939909049591586,0.00035533937590184647,0.017033290969623336,0.012771865316280755,-0.025083834419254394,18.0,12.0,38.0,9.0,1.0,53.0,38.0,73.0,43
Marketa Vondrousova,0.014543422032138525,0.04753405045030587,-0.03299062841816734,4300.0,32.0,0.9955813953488372,0.46511627906976744,0.002801283828741247,-0.006082126775755449,0.009637600844055894,-0.0035644736678086828,0.0017306680347703189,0.019345304233573876,0.014019193509164527,-0.023344027974603214,84.0,134.0,280.0,103.0,39.0,482.0,334.0,544.0,44
Dayana Yastremska,0.00828822363055065,0.05565663453564447,-0.04736841090509382,2294.0,16.0,0.9978204010462075,0.5915431560592851,0.003250545232420719,-0.0074019298455741565,0.011613375036273606,-0.004735393658108301,0.004990860807130555,0.020538381416967566,0.015263472042852024,-0.035231087401411364,52.0,87.0,180.0,73.0,60.0,273.0,194.0,438.0,45
Magdalena Frech,0.015034380984488498,0.04352218909875575,-0.02848780811426725,3007.0,21.0,0.998004655803126,0.4163618224143665,0.0023367321595474874,-0.002596245093364084,0.009597995519669424,-0.0025733363644119107,0.002411391853891945,0.01561106231489457,0.013565007250752324,-0.023318226656491255,49.0,40.0,195.0,52.0,38.0,272.0,226.0,380.0,46
Laura Siegemund,0.006849864327037148,0.045761377087611244,-0.0389115127605741,1774.0,12.0,0.9988726042841037,0.48534385569334837,0.0010508386081134625,-0.005720959241527363,0.009344235316672007,-0.003858609754121329,0.00193613889936147,0.020916153760799198,0.012514010502665106,-0.029331943764925407,13.0,52.0,112.0,46.0,18.0,215.0,123.0,282.0,47
Mccartney Kessler,0.006922527811634308,0.04407784312829905,-0.037155315316664744,1127.0,10.0,0.9991126885536823,0.4676131322094055,0.0020358339398465985,-0.0041562958273713225,0.010506194354022145,-0.003036900489712173,0.0015238289296660372,0.01607912325797679,0.01393286264678748,-0.029962118999581244,16.0,24.0,80.0,23.0,9.0,105.0,87.0,183.0,48
Maria Sakkari,0.013534677560530783,0.05032957863535054,-0.036794901074819766,7470.0,53.0,0.9963855421686747,0.5046854082998661,0.00391611872023303,-0.0043632992044496275,0.011392698454259036,-0.002888511108354081,0.0012261349067263715,0.019152739867192365,0.014641886686939744,-0.029543090762016055,204.0,167.0,575.0,145.0,48.0,829.0,606.0,1196.0,49
Jessica Bouzas Maneiro,0.010067580881979149,0.048956952843583736,-0.03888937196160459,987.0,8.0,0.9989868287740629,0.502532928064843,0.0014528779446600281,-0.007909735557999798,0.011096702086331544,-0.002563057860111692,0.0011599832514242647,0.01696100424990365,0.018286385311264242,-0.028416578543493092,10.0,40.0,74.0,17.0,6.0,97.0,100.0,152.0,50
Petra Marcinko,0.0010772886269972879,0.04655174765938484,-0.04547445903238755,185.0,1.0,1.0,0.5297297297297298,0.0015502600339237275,-0.0031649631063834327,0.012800520039981575,-0.0024131047134469696,0.0010314445668069814,0.022389092709485522,0.00878043030918704,-0.039896391212557156,2.0,3.0,16.0,3.0,1.0,24.0,9.0,40.0,51
Maya Joint,0.002338919266764677,0.04313235666784718,-0.0407934374010825,2208.0,18.0,0.9990942028985508,0.478713768115942,0.0016236305835365128,-0.004066098435284271,0.008177868469836508,-0.0029653792825269226,0.0019012587803009123,0.016961241825601908,0.014468357008571337,-0.03376195968327131,25.0,46.0,122.0,44.0,22.0,217.0,177.0,404.0,52
Daria Kasatkina,0.006434119645607337,0.04111264921706927,-0.03467852957146193,6297.0,44.0,0.9988883595362871,0.4329045577259012,0.001730717490627887,-0.006353884167571419,0.007850406277497831,-0.002245001076641284,0.0011515094973246116,0.017567959338801155,0.012812056612817785,-0.02607964432724923,76.0,205.0,334.0,95.0,38.0,641.0,447.0,890.0,53
Tatjana Maria,0.022851982364363567,0.04596563224742281,-0.023113649883059247,2258.0,14.0,0.9884853852967228,0.40522586359610274,0.0043184834425953255,-0.0036303164063476927,0.011143056777497246,-0.0022406892010010983,0.0007605647492177254,0.015515618111616638,0.014227909166495878,-0.01724264427571046,68.0,42.0,170.0,34.0,9.0,203.0,178.0,211.0,54
Yuliia Starodubtseva,-0.012592243139809419,0.033244050925734514,-0.04583629406554393,385.0,3.0,1.0,0.45194805194805193,0.0007449301461711418,-0.0030416528554853767,0.00807305525248838,-0.005411204508941689,0.0024781460371336565,0.01210319459782253,0.009844724892118803,-0.037383436701116865,2.0,6.0,21.0,14.0,5.0,27.0,21.0,78.0,55
Qinwen Zheng,0.024013790315714,0.05835329117837286,-0.03433950086265886,6655.0,48.0,0.9986476333583771,0.5382419233658903,0.0066797455255842055,-0.006334681980019132,0.011586947070375884,-0.0021913142226292794,0.002408512181544777,0.019371779783291708,0.018306306617576287,-0.02581350466001045,310.0,216.0,521.0,98.0,84.0,747.0,675.0,931.0,56
Anna Bondar,0.018282669355133344,0.049058882290010375,-0.030776212934877027,2153.0,16.0,0.9995355318160706,0.46400371574547145,0.004262675058443319,-0.0029915001957688276,0.011411517952503314,-0.0020734991731894536,0.001683942244461932,0.016192142641149442,0.015508604393452365,-0.025711213565918746,64.0,33.0,166.0,30.0,19.0,202.0,185.0,300.0,57
Talia Gibson,0.02760963211753767,0.06351016515175753,-0.03590053303421986,2150.0,16.0,0.9995348837209302,0.5762790697674418,0.006269539997658982,-0.004538900578921977,0.011083240970664281,-0.002353244751563014,0.003550088276451936,0.02648942073476921,0.016117875172213112,-0.029008387703734873,94.0,50.0,161.0,34.0,40.0,330.0,192.0,338.0,58
Panna Udvardy,0.004299134176239139,0.046314668042993924,-0.04201553386675479,640.0,5.0,0.9984375,0.50625,0.0031368542873925426,-0.006404105035572727,0.008094078833875067,-0.0041852284873845885,0.0026833675058337875,0.019145881037701325,0.0132544863781912,-0.031426200343797464,14.0,21.0,35.0,18.0,9.0,71.0,47.0,109.0,59
Anhelina Kalinina,0.011126872990311329,0.04733737147848151,-0.03621049848817018,2573.0,18.0,0.9984453944811504,0.4784298484259619,0.0028423442324271996,-0.004778811375165035,0.008225751983523917,-0.002602551721653844,0.0023731643355994285,0.018043030164003545,0.015853080762927414,-0.0288291353913513,51.0,63.0,143.0,45.0,32.0,269.0,226.0,402.0,60
Shuai Zhang,0.013577036365267674,0.04971912301313697,-0.0361420866478693,1903.0,15.0,0.999474513925381,0.4929059379926432,0.0017331467273634946,-0.004410103610313576,0.009566337148902416,-0.003127863878000977,0.0021057079043852456,0.020949331689872654,0.01536459954261316,-0.02860411915955474,23.0,43.0,123.0,40.0,21.0,231.0,162.0,295.0,61
Sonay Kartal,0.013048028253528778,0.04604694673236241,-0.032998918478833635,832.0,5.0,1.0,0.46153846153846156,0.0013788370494033154,-0.0016420782142494172,0.012452428975192413,-0.005186821629664661,0.0009173906002850555,0.017631634758446507,0.013666655349035117,-0.026170018634919554,8.0,7.0,70.0,29.0,4.0,85.0,63.0,118.0,62
Caty Mcnally,0.00908550387711073,0.04486182353235365,-0.03577631965524292,866.0,6.0,0.9976905311778291,0.46420323325635104,0.001490290390579103,-0.006310434523120162,0.011792626898842726,-0.0024056740599798505,0.001101716194337711,0.017138686730557864,0.013338503318036253,-0.02706021107214291,9.0,28.0,69.0,14.0,5.0,86.0,64.0,127.0,63
Antonia Ruzic,0.012768062710111975,0.05219631168394559,-0.03942824897383362,685.0,5.0,0.9985401459854014,0.5211678832116788,0.0014653917838914068,-0.0034190842317134893,0.006914149510646983,-0.0026068576466434417,0.0022285225676997554,0.02393481170129003,0.017653436120417414,-0.03340230709547669,7.0,12.0,32.0,12.0,8.0,95.0,67.0,124.0,64
Oleksandra Oliynykova,0.003070782819143622,0.03603107848640265,-0.032960295667259026,128.0,1.0,1.0,0.390625,0.0011203051026401937,-0.0015247869132316016,0.006937781857607201,-0.0011625634687179411,0.0014907597254632152,0.006741507407641311,0.019740724393050725,-0.030272945285309483,1.0,1.0,6.0,1.0,1.0,5.0,14.0,21.0,65
Zeynep Sonmez,-0.0035626455106409745,0.039266726042672076,-0.042829371553313046,705.0,5.0,0.9985815602836879,0.4666666666666667,0.00020340291225240395,-0.005536814890599859,0.009237254709703015,-0.0027439795914136933,0.0,0.013953485970539293,0.01587258245017736,-0.03454857707129949,1.0,20.0,44.0,13.0,0.0,57.0,62.0,132.0,66
Elsa Jacquemot,0.017579970253182385,0.04613005339019309,-0.028550083137010705,901.0,5.0,1.0,0.4361820199778024,0.0035014197214592513,-0.007581626383215955,0.011170265129229204,-0.004789606654695891,0.0016942707645664066,0.014940557149365338,0.014823540625572892,-0.01617885009909886,22.0,35.0,68.0,29.0,8.0,78.0,74.0,79.0,67
Solana Sierra,0.021783870475901974,0.058745214972691376,-0.0369613444967894,1767.0,15.0,0.9966044142614601,0.5472552348613469,0.0023534649354840964,-0.00662725721200832,0.01273170003976662,-0.0010947966111752427,0.0038876178918701163,0.01699455042252261,0.022777881683047934,-0.02923929067360584,29.0,60.0,152.0,13.0,36.0,174.0,223.0,280.0,68
Nikola Bartunkova,0.013494227062586864,0.05033337984966536,-0.0368391527870785,444.0,3.0,1.0,0.5022522522522522,0.004844562606011648,-0.010549877021278109,0.010000406281235606,-0.0030163808918087123,0.0017190742780116355,0.017102779153079218,0.01666655753132725,-0.023272894873991676,15.0,24.0,30.0,9.0,4.0,44.0,41.0,56.0,69
Varvara Gracheva,0.00877856691622082,0.04891345842268683,-0.04013489150646601,1972.0,15.0,0.9994929006085193,0.5070993914807302,0.0015997865968736234,-0.004354766681196947,0.008781289815713779,-0.0021883547646455366,0.002032029483795701,0.01837847049872195,0.018121882027581773,-0.03359177006062353,22.0,44.0,117.0,29.0,21.0,210.0,198.0,359.0,70
Katie Boulter,0.02016341122263203,0.057138662668891727,-0.03697525144625969,2274.0,18.0,0.9841688654353562,0.5404573438874231,0.0035313750992633725,-0.006952062760063872,0.01125991215588199,-0.0020286067915007873,0.0038599794474614823,0.02094669953361058,0.017540696432674297,-0.027994581894695034,56.0,81.0,173.0,31.0,46.0,276.0,221.0,345.0,71
Donna Vekic,0.017890031714520707,0.05425660097609884,-0.036366569261578136,4806.0,33.0,0.9970869746150645,0.5249687890137328,0.0051618885128723365,-0.006538245673715532,0.010624651367455057,-0.0033749657751878308,0.00250134965171356,0.020684055686665773,0.015284655757392105,-0.02645335781267477,173.0,161.0,345.0,109.0,63.0,576.0,407.0,689.0,72
Magda Linette,0.023267591394880088,0.052905163333200694,-0.029637571938320603,8020.0,58.0,0.9975062344139651,0.478428927680798,0.003522395694286175,-0.0025309181282966433,0.0114787705813644,-0.0016142527166637147,0.0016416945006597402,0.019001300080829214,0.017261002476061167,-0.025492401093360244,197.0,104.0,622.0,87.0,69.0,883.0,767.0,1108.0,73
Renata Zarazua,0.0031899995057562257,0.03888687414825404,-0.035696874642497815,595.0,5.0,0.9966386554621849,0.4218487394957983,0.0007230204359896376,-0.0026241710910069917,0.005721240837197647,-0.001750683811716429,0.0012828050074574222,0.015082848169835484,0.016076959697773844,-0.031322019739774394,3.0,8.0,23.0,7.0,4.0,52.0,53.0,101.0,74
Taylor Townsend,0.012529731464294445,0.05259285731588234,-0.040063125851587895,1210.0,8.0,1.0,0.5396694214876033,0.007466231692306217,-0.003709894770705649,0.009418564461236442,-0.0035664756990752048,0.0015770020236305087,0.023391359256397754,0.01073969988231142,-0.032786755381807045,63.0,23.0,77.0,29.0,10.0,164.0,72.0,215.0,75
Yulia Putintseva,0.014413115379927732,0.04295122987950029,-0.02853811449957256,2788.0,19.0,0.9996413199426112,0.413558106169297,0.0010801219927893976,-0.0026601734382921487,0.010086492992408366,-0.003309219400195689,0.0011635197857273875,0.015537385221857967,0.015083709886717176,-0.02256872166108472,21.0,38.0,190.0,62.0,17.0,251.0,233.0,341.0,76
Elena Gabriela Ruse,0.004020829672224349,0.0500536202644165,-0.04603279059219215,1228.0,10.0,0.995114006514658,0.5488599348534202,0.003503234197181062,-0.007628901298774398,0.009159981258252289,-0.0033930191139129487,0.002486218174062431,0.017707985581504736,0.017196201053415985,-0.035010870179504806,30.0,48.0,76.0,28.0,16.0,126.0,117.0,233.0,77
Peyton Stearns,0.016484414383337934,0.05190926683292173,-0.035424852449583794,2222.0,15.0,0.9986498649864987,0.5022502250225023,0.0014843286328410127,-0.0036891334138312738,0.010058014382225621,-0.003750339758672458,0.002748043130286827,0.021048551661229684,0.01657032902633858,-0.02798537927708006,23.0,42.0,151.0,56.0,32.0,271.0,204.0,337.0,78
Alycia Parks,0.006938307480808274,0.057209406371184594,-0.05027109889037632,2811.0,22.0,0.9978655282817502,0.6189967982924226,0.008264193030361813,-0.010623061867210133,0.01089905538356222,-0.0032821428985220853,0.004480234137571413,0.01854142371752277,0.015024500102166369,-0.0363658941246441,162.0,153.0,207.0,62.0,66.0,302.0,234.0,554.0,79
Anastasia Zakharova,0.011478687954334132,0.04695143771480482,-0.035472749760470684,481.0,4.0,1.0,0.47193347193347196,0.0011925077184028673,-0.0028403515057287216,0.008923439450948695,-0.003093723991598679,0.0027769661414034116,0.01829877769525259,0.01575974670879725,-0.02953867426314328,4.0,7.0,29.0,10.0,7.0,51.0,42.0,77.0,80
Eva Lys,0.006199285185914517,0.043664669557257375,-0.03746538437134286,2359.0,18.0,0.9851632047477745,0.4607884696905468,0.0007294568196928095,-0.006205152338712749,0.007842624680070314,-0.0023970787248173233,0.0023457821538446183,0.018362963119347184,0.014383842784302447,-0.028863153307812785,12.0,75.0,125.0,38.0,29.0,251.0,188.0,369.0,81
Viktorija Golubic,0.005558552174864965,0.03812315171007323,-0.032564599535208266,1935.0,13.0,0.9963824289405685,0.40310077519379844,0.00022232411339216248,-0.0032276626339000727,0.006501556124958342,-0.002922330083640344,0.000295840689704328,0.01739204391676766,0.013711386865250736,-0.02641460681766785,3.0,32.0,85.0,38.0,3.0,195.0,147.0,277.0,82
Kimberly Birrell,0.0018256218185211729,0.03953643643088164,-0.03771081461236046,1190.0,11.0,1.0,0.4394957983193277,0.0013255374659810022,-0.008364545352584787,0.009576859662265628,-0.0011254395932462759,0.00048105187779653335,0.014502738624841813,0.013650248799996658,-0.0282208296665294,11.0,51.0,77.0,9.0,3.0,100.0,90.0,182.0,83
Veronika Erjavec,-0.0047605393783674175,0.03837147995085669,-0.04313201932922411,440.0,3.0,1.0,0.4659090909090909,0.001955441633699247,-0.0013307231242748524,0.006727546043740317,-0.004058403381706267,0.0013010266694951696,0.016081559488773454,0.012305906115148504,-0.037742892823242995,6.0,3.0,20.0,12.0,3.0,41.0,30.0,90.0,84
Veronika Kudermetova,0.014762207362338537,0.053783572426511335,-0.0390213650641728,3992.0,29.0,0.9982464929859719,0.5370741482965932,0.00463388723817507,-0.0031779126047311937,0.010900242437603298,-0.0037649350008981818,0.003345993772582768,0.01876273644836123,0.016140712529788968,-0.03207851745854342,129.0,65.0,294.0,101.0,70.0,434.0,357.0,694.0,85
Camila Osorio,0.008830765485290456,0.04446288369761438,-0.03563211821232392,2533.0,19.0,0.9857876036320569,0.4583497828661666,0.0018682071668188625,-0.006857628312488909,0.007537613767127919,-0.0036423622928328393,0.0014313176677167546,0.018804893304157303,0.01482085179179354,-0.025132127607002175,33.0,89.0,129.0,62.0,19.0,276.0,208.0,345.0,86
Sofia Kenin,0.02384994896112812,0.05601664473166093,-0.03216669577053281,7139.0,51.0,0.9956576551337722,0.5079142737078022,0.0018078042838513841,-0.004702298456605539,0.012480686343086812,-0.0018759953998642221,0.0031540040472610173,0.021104440503136875,0.01746970955432484,-0.025588401914063048,90.0,172.0,602.0,90.0,118.0,873.0,691.0,990.0,87
Oksana Selekhmeteva,0.01993180813774108,0.05178359352662962,-0.03185178538888854,577.0,4.0,1.0,0.4783362218370884,0.001242626110380804,-0.005412068627900035,0.008464815299402894,-0.003094796339602699,0.001322823187932697,0.018544403045768265,0.022208925883144957,-0.023344920421385806,5.0,16.0,33.0,12.0,4.0,62.0,71.0,73.0,88
Kamilla Rakhimova,0.012829509083367543,0.04874408956377556,-0.035914580480408013,900.0,6.0,0.9988888888888889,0.4855555555555556,0.0025493165002301297,-0.0047708888307335445,0.009209263028764523,-0.002645477759927048,0.0016961532876381472,0.017641775829418685,0.017647580917724077,-0.028498213889747426,16.0,22.0,56.0,16.0,8.0,92.0,88.0,139.0,89
Lilli Tagger,0.01302836623394404,0.04612573047965178,-0.03309736424570774,421.0,3.0,1.0,0.46080760095011875,0.003406153281186337,-0.002317965853843765,0.013007654345854198,-0.0014138539096997288,0.00045324761249237896,0.0163973956898449,0.01286127955027397,-0.029365544482164246,10.0,5.0,37.0,4.0,1.0,40.0,30.0,67.0,90
Simona Waltert,0.028035000965823554,0.06523696361697445,-0.037201962651150895,501.0,4.0,0.9700598802395209,0.5828343313373253,0.000858676964897873,-0.005064362122988793,0.008271793139608853,-0.002673199832261613,0.005713091163451843,0.0323807653208544,0.018012637028161485,-0.029464400695900495,3.0,13.0,28.0,9.0,15.0,94.0,50.0,80.0,91
Diane Parry,0.01901248497014282,0.05157364100235337,-0.032561156032210554,1852.0,13.0,0.9919006479481641,0.48542116630669546,0.003252030362739569,-0.0029507755383488448,0.009350271877207113,-0.002410498768832016,0.001339429904519865,0.020967107272145763,0.016664801585741063,-0.027199881725029688,42.0,28.0,117.0,30.0,13.0,225.0,171.0,273.0,92
Daria Snigur,0.03418963901242955,0.06211960089620829,-0.027929961883778737,234.0,2.0,1.0,0.5213675213675214,0.0018384493992044206,-0.0,0.012650086577973245,-0.001907796461485852,0.004077291556822469,0.02581363520190861,0.01774013816029955,-0.026022165422292888,3.0,0.0,20.0,3.0,5.0,35.0,23.0,33.0,93
Emiliana Arango,-0.007160345259800571,0.03188051788438621,-0.039040863144186776,324.0,3.0,0.9969135802469136,0.4012345679012346,0.001327769010536526,-0.005421464580379028,0.005481704183788406,-0.0022964216666033405,0.0005889421137632455,0.012783895528564264,0.011698207047733764,-0.0313229768972044,3.0,9.0,12.0,5.0,1.0,24.0,21.0,55.0,94
Tamara Korpatsch,0.010596675891700514,0.041540631152696135,-0.030943955260995623,417.0,3.0,1.0,0.4172661870503597,0.0017194131071696017,-0.007020601614879317,0.009228192654722928,-0.003568540143786486,0.0013727859342395077,0.014071482128563541,0.015148757328000556,-0.02035481350232982,5.0,15.0,26.0,10.0,3.0,34.0,35.0,46.0,95
Ella Seidel,0.008134563921407085,0.05045097656146743,-0.04231641264006034,473.0,3.0,1.0,0.53276955602537,0.004850707928556272,-0.004538900578921977,0.009700182667718596,-0.00188762947986338,0.0016136764892963344,0.017878534655698223,0.016407874820198006,-0.03588988258127499,16.0,11.0,31.0,6.0,4.0,49.0,43.0,92.0,96
Lanlana Tararudee,0.01563039163313778,0.05181614234190036,-0.03618575070876258,523.0,4.0,0.9980879541108987,0.5086042065009561,0.0035644124106946127,-0.004478150475571205,0.010753782968579168,-0.003129807579263597,0.0018242566430142595,0.01979914986259475,0.01587454045701757,-0.028577792653927774,13.0,12.0,38.0,11.0,5.0,60.0,46.0,81.0,97
Ajla Tomljanovic,0.01376561365120334,0.04448673369349287,-0.030721120042289527,2037.0,15.0,0.9970544918998527,0.4329896907216495,0.0028158871504751063,-0.005269759385935433,0.010172234567854774,-0.0018993673165897437,0.0022482149615233172,0.013301652711238076,0.015948744302401594,-0.02355199333976435,40.0,55.0,140.0,26.0,24.0,157.0,180.0,260.0,98
