player,DR+,DR,BLR,serve_LR,return_LR,serve_points_won_rate,return_points_won_rate,serve_points_lost_rate,points,matches,serve_points,return_points,serve_points_won,return_points_won,avg_serve_won_LEV,avg_serve_lost_LEV,avg_return_won_LEV,avg_return_lost_LEV,wta_rank,drplus_rank
Iga Swiatek,1.3616912916246655,1.3249724755017853,1.027712889740577,0.7469581813493207,1.308467598131833,0.630694349380181,0.489319822118539,0.369305650619819,26866.0,226.0,13149.0,13717.0,8293.0,6712.0,0.14472503910644924,0.1937525322301376,0.20770171766924408,0.15873661523280408,3,1
Elena Rybakina,1.2701640647270744,1.214503292204995,1.045830071338073,0.749668708682932,1.3419914339932142,0.6365973358261277,0.44135373203523415,0.36340266417387235,17186.0,130.0,8558.0,8628.0,5448.0,3808.0,0.14661930187823038,0.19557879391260835,0.20437993860042789,0.1522960083227039,2,2
Mirra Andreeva,1.2008601803382433,1.1450873357933185,1.0487061927955785,0.7560188966887516,1.3413934889024055,0.5949834479246244,0.46377932456818766,0.40501655207537557,15612.0,113.0,7854.0,7758.0,4673.0,3598.0,0.15144812176108174,0.20032319618517688,0.20469589747700204,0.1525994416779929,5,3
Coco Gauff,1.1924011781455828,1.1414460616301423,1.0446408448268414,0.7515051457494668,1.337776543904216,0.6012963521254145,0.45509870862401663,0.39870364787458545,13371.0,109.0,6634.0,6737.0,3989.0,3066.0,0.14806161870200546,0.19702009964861308,0.2065308238745001,0.15438364861126433,7,4
Aryna Sabalenka,1.1666169517096479,1.1236572686886837,1.0382320163078715,0.7689751986349144,1.3074888339808288,0.6099667774086379,0.4382636655948553,0.3900332225913621,6120.0,57.0,3010.0,3110.0,1836.0,1363.0,0.14901756986028866,0.19378722502991622,0.20231771961774836,0.15473762709067607,1,5
Taylor Townsend,1.1644953360060315,1.1467815860021333,1.0154464897414783,0.7377894926054122,1.2931034868775446,0.6208053691275168,0.43485342019543977,0.3791946308724832,1210.0,15.0,596.0,614.0,370.0,267.0,0.1509202841264792,0.2045573780042908,0.20365619800770773,0.15749412175778452,78,6
Iva Jovic,1.1529088716571325,1.1062474810668423,1.042179884147886,0.7563941352743841,1.3279656330213878,0.5838881491344874,0.4603226868620349,0.4161118508655126,6041.0,44.0,3004.0,3037.0,1754.0,1398.0,0.15108647412672213,0.19974569748867113,0.20548733189597393,0.15473844110592613,17,7
Belinda Bencic,1.1429960201111133,1.092737564391155,1.0459931619061353,0.7582559842730178,1.333730339539253,0.6072433192686357,0.4291799787007455,0.39275668073136427,5661.0,77.0,2844.0,2817.0,1727.0,1209.0,0.1508741926450356,0.19897527454357922,0.1988779062888422,0.14911403032006157,11,8
Marketa Vondrousova,1.1267862923183587,1.0609166814709539,1.0620874494650014,0.7618397690137525,1.3623351299162503,0.5737704918032787,0.45219399538106236,0.42622950819672134,4300.0,43.0,2135.0,2165.0,1225.0,979.0,0.15123001316472748,0.19850632549742558,0.2070477004622645,0.15198000544476364,47,9
Karolina Muchova,1.1248375405553974,1.0978178547519895,1.0246121755867343,0.7360164104091651,1.3132079407643034,0.6113134255887351,0.42670706129107433,0.38868657441126486,8410.0,70.0,4119.0,4291.0,2518.0,1831.0,0.14795039949217584,0.2010150825440529,0.2006237902636897,0.15277381748615088,10,10
Jessica Pegula,1.1127177715996763,1.0661472616812984,1.043681123229578,0.754090234023024,1.3332720124361317,0.5878317385809713,0.439432063263839,0.41216826141902874,11103.0,81.0,5539.0,5564.0,3256.0,2445.0,0.15225591684719303,0.20190676125709425,0.2043228477204077,0.1532491838233914,4,11
Victoria Mboko,1.1106498718903124,1.0439448283906336,1.063897096556829,0.7592337383737223,1.368560454739936,0.58,0.43845682792406615,0.42000000000000004,3283.0,24.0,1650.0,1633.0,957.0,716.0,0.15232260800443886,0.20062676394059317,0.20267483131400074,0.14809344418220424,9,12
Liudmila Samsonova,1.109052026824274,1.05498452337882,1.05124957025179,0.7555737025174392,1.3469254379861408,0.6080560420315236,0.4134948096885813,0.39194395796847636,5745.0,41.0,2855.0,2890.0,1736.0,1195.0,0.14856268559504343,0.19662236139248707,0.20080620710346944,0.14908487243637286,36,13
Naomi Osaka,1.1073950106292547,1.0700870917921617,1.0348643761085001,0.7280961269659733,1.3416326252510271,0.6143008101444171,0.41273172437915356,0.38569918985558294,5698.0,67.0,2839.0,2859.0,1744.0,1180.0,0.14393431687682948,0.1976858707882621,0.19885418719430437,0.1482180616747432,15,14
Tereza Valentova,1.1059358054321367,1.0841976887373306,1.0200499566828283,0.7254156061191847,1.314684307246472,0.5860517435320585,0.44880174291938996,0.41394825646794153,1807.0,13.0,889.0,918.0,521.0,412.0,0.1517391398251109,0.20917545548390146,0.20593169628434696,0.15663965497211924,60,15
Elina Svitolina,1.1054079160456252,1.0646696937593816,1.0382637192784137,0.7565254702356642,1.3200019683211632,0.5931058990760484,0.43320781782320245,0.4068941009239516,11205.0,147.0,5628.0,5577.0,3338.0,2416.0,0.15260115251347578,0.201713172282143,0.20268824312723166,0.15355147037016886,8,16
Marta Kostyuk,1.1047426028701548,1.0620250094499886,1.0402227753961173,0.7623032323150221,1.3181423184772125,0.5815839694656488,0.44436828878227097,0.41841603053435117,8569.0,58.0,4192.0,4377.0,2438.0,1945.0,0.15393165744908507,0.20192969270458605,0.20640245543032196,0.15658586522642634,12,17
Jasmine Paolini,1.1033554554221985,1.0585945097328213,1.042283372224058,0.734771161794598,1.349795582653518,0.5760259816947151,0.44881656804733727,0.4239740183052849,6767.0,51.0,3387.0,3380.0,1951.0,1517.0,0.15041247404386499,0.2047065560881554,0.20587925292402953,0.15252624587739308,14,18
Amanda Anisimova,1.0957123477243835,1.0526428196555613,1.0409156147409195,0.7596073056211934,1.322223923860646,0.5795197100135931,0.4426155580608794,0.42048028998640685,8849.0,72.0,4414.0,4435.0,2558.0,1963.0,0.1526660553390086,0.20098023572082552,0.20407701842888337,0.15434376488440532,6,19
Talia Gibson,1.0892085376352305,1.038583602703497,1.0487442077844804,0.7446013484883751,1.3528870670805857,0.6171802054154996,0.39759036144578314,0.38281979458450044,2150.0,16.0,1071.0,1079.0,661.0,429.0,0.14656946678902297,0.19684287046561968,0.1991988518099664,0.14723982264079177,63,20
Madison Keys,1.0760808776378787,1.0370581280102937,1.037628314723741,0.7294550512653123,1.34580157818217,0.5981827359919233,0.416707859614434,0.4018172640080767,4004.0,67.0,1981.0,2023.0,1185.0,843.0,0.1477310499949404,0.20252248543441603,0.19933083146213165,0.14811309088474697,28,21
Anna Kalinskaya,1.0705360673718933,0.9995804237377272,1.070985427434485,0.7797023278172325,1.3622685270517374,0.5732708089097304,0.42655014565126925,0.42672919109026963,4962.0,37.0,2559.0,2403.0,1467.0,1025.0,0.15700816320451916,0.20136936572199504,0.20151830517403704,0.1479284745792146,20,22
Sorana Cirstea,1.0677520073431606,1.0194201001593446,1.0474111773706063,0.758884294708572,1.3359380600326407,0.5788313120176406,0.42934782608695654,0.4211686879823594,3654.0,35.0,1814.0,1840.0,1050.0,790.0,0.15328775518638768,0.2019909441468327,0.20455247923347583,0.15311524190610906,18,23
Ekaterina Alexandrova,1.0655130368955819,1.0130929207318975,1.051742653700328,0.7590639921088792,1.3444213152917768,0.5830237210631609,0.4224357163040407,0.4169762789368391,7038.0,60.0,3499.0,3539.0,2040.0,1495.0,0.15198328809947767,0.2002246051445915,0.20537803139048266,0.15276314727716878,19,24
Clara Tauson,1.0650113073573406,1.0257701622603543,1.0382552998134746,0.7419385377503196,1.3345720618766297,0.5915641476274165,0.41896131056117114,0.4084358523725835,5714.0,41.0,2845.0,2869.0,1683.0,1202.0,0.15028535814735466,0.20255769245124364,0.20242553923986573,0.15167823830750798,23,25
Emma Raducanu,1.0635639482583958,1.038041390167205,1.0245872258398865,0.7353801922952942,1.313794259384479,0.5821496212121212,0.4337459880788629,0.4178503787878788,8586.0,68.0,4224.0,4362.0,2459.0,1892.0,0.14985751244513654,0.20378236185203205,0.20540716145490812,0.15634652076432629,31,26
Ashlyn Krueger,1.054424571104662,0.9951727912048419,1.0595391879917504,0.7388790420239473,1.3801993339595535,0.5791201575837164,0.418848167539267,0.4208798424162836,3051.0,23.0,1523.0,1528.0,882.0,640.0,0.14851600416008637,0.20100178204171193,0.20573317416146905,0.14906047923618113,91,27
Maria Sakkari,1.0532452308687759,1.0122717179781446,1.0404767931010357,0.7611561279369033,1.3197974582651681,0.5861704935339139,0.4189079054604727,0.4138295064660861,7470.0,63.0,3789.0,3681.0,2221.0,1542.0,0.15239064742829425,0.2002094469650342,0.20063271481722492,0.15201780664205117,40,28
Leylah Fernandez,1.0510259795517012,1.0252535074315878,1.0251376580848548,0.734803953066669,1.3154713631030406,0.5892857142857143,0.42108626198083066,0.4107142857142857,6042.0,44.0,2912.0,3130.0,1716.0,1318.0,0.14788280588737754,0.20125477723710625,0.20482481625909058,0.155704504107131,22,29
Camila Osorio,1.0500252664925753,1.0045024623052825,1.0453187581868344,0.7700784453107986,1.32055907106287,0.5407114624505929,0.4613564668769716,0.4592885375494071,2533.0,19.0,1265.0,1268.0,684.0,585.0,0.16087930689539404,0.20891288137595412,0.20884547506089945,0.15814928664479,67,30
Barbora Krejcikova,1.04460800702118,1.0297821923588795,1.0143970392693815,0.733834138398946,1.294959940139817,0.600844772967265,0.4110429447852761,0.399155227032735,3850.0,28.0,1894.0,1956.0,1138.0,804.0,0.14719682183839533,0.20058595551243266,0.19821657871548937,0.1530677301832888,38,31
Alexandra Eala,1.0410775944710857,1.0122380902741583,1.0284908308371565,0.7523349506522169,1.304646711022096,0.5493197278911565,0.4561957379636938,0.45068027210884354,2443.0,20.0,1176.0,1267.0,646.0,578.0,0.15131684553614333,0.20112962372007734,0.20422172176197026,0.1565341176554819,34,32
Elisabetta Cocciaretto,1.0356856279971278,1.027058426506304,1.0083999130606138,0.6910417269403377,1.32575809918089,0.586890243902439,0.424287856071964,0.41310975609756095,1323.0,10.0,656.0,667.0,385.0,283.0,0.1453214820522442,0.21029335333435054,0.1984004656753896,0.14965057788292593,44,33
Donna Vekic,1.035280396499991,0.9892158631820596,1.0465667151452196,0.756356338711851,1.3367770915785882,0.5853350189633375,0.41019317714755443,0.4146649810366625,4806.0,54.0,2373.0,2433.0,1389.0,998.0,0.15031928411771986,0.19874135566012222,0.20368110626301292,0.15236729260709256,32,34
Karolina Pliskova,1.0318492186450998,0.9749981935110917,1.0583088517623611,0.7577132932773382,1.358904410247384,0.5922330097087378,0.3975720789074355,0.4077669902912622,4140.0,77.0,2163.0,1977.0,1281.0,786.0,0.15466360077518496,0.20411889582432732,0.20196331477102772,0.14862216447900187,84,35
Anna Bondar,1.0278745585218945,1.0287050083258615,0.9991927230865547,0.727532088131971,1.2708533580411385,0.5953978906999041,0.41621621621621624,0.4046021093000959,2153.0,18.0,1043.0,1110.0,621.0,462.0,0.1496464693135649,0.20569054170215473,0.19807617642864764,0.15586076487530967,71,36
Diana Shnaider,1.0237085737115377,0.9740598450774612,1.050970922253887,0.7605148910432946,1.3414269534644792,0.5707620528771384,0.41810344827586204,0.42923794712286156,3785.0,27.0,1929.0,1856.0,1101.0,776.0,0.15467393566649806,0.20338054847856066,0.1996584247279448,0.14884032575332604,16,37
Linda Noskova,1.0196939457932133,0.9767644837616932,1.0439506787410933,0.7433695692826808,1.3445317881995058,0.5928616550852811,0.3976782752902156,0.4071383449147189,6181.0,47.0,3166.0,3015.0,1877.0,1199.0,0.14869613535215045,0.20002989293150072,0.19464863758304074,0.1447705731403341,13,38
Jelena Ostapenko,1.0168391885837336,0.9657258538005928,1.0529273753850386,0.7714007590719831,1.334453991698094,0.5581506196377503,0.42670537010159654,0.44184938036224974,4165.0,51.0,2098.0,2067.0,1171.0,882.0,0.15546358406179672,0.20153413414944496,0.2042952970031595,0.15309279920785693,37,39
Diane Parry,1.0141970008836036,0.9483943054623655,1.0693832671097259,0.7462937605567773,1.3924727736626745,0.5844845908607864,0.3940724478594951,0.4155154091392136,1852.0,13.0,941.0,911.0,550.0,359.0,0.15042912412539144,0.20156824574436052,0.20092135266169048,0.14429104572953289,57,40
Elise Mertens,0.9989739507016634,0.9617633415403752,1.0386899848997062,0.7364325656374564,1.340947404161956,0.570429104477612,0.4131455399061033,0.42957089552238803,4274.0,41.0,2144.0,2130.0,1223.0,880.0,0.15084152762186728,0.2048273455849943,0.19755167133709647,0.14732246076464064,24,41
Emma Navarro,0.9934461590282853,0.9805473640643593,1.013154688326794,0.7308344465095965,1.2954749301439912,0.5600696459663378,0.43137254901960786,0.4399303540336622,3457.0,30.0,1723.0,1734.0,965.0,748.0,0.14766391504151435,0.20204837873576528,0.19545914960102215,0.15087837290629544,25,42
Katie Boulter,0.9872802814568727,0.9447456886233778,1.0450222672044935,0.7562282003331091,1.333816334075878,0.5537488708220416,0.42159383033419023,0.4462511291779584,2274.0,21.0,1107.0,1167.0,613.0,492.0,0.15241124266519424,0.20154133712292002,0.19938969917050417,0.1494881222223519,53,43
Yulia Putintseva,0.9844066435135892,0.9340766547300625,1.0538820754470857,0.7588204420351115,1.3489437088590597,0.5547498187092096,0.41589779985805536,0.4452501812907904,2788.0,30.0,1379.0,1409.0,765.0,586.0,0.15426773935740926,0.20329939839742894,0.20629951727985452,0.15293411869227902,82,44
Magda Linette,0.9823185908579587,0.9464341204351359,1.0379154445597591,0.7609551675446347,1.3148757215748839,0.5757199602780536,0.40155310621242485,0.4242800397219464,8020.0,69.0,4028.0,3992.0,2319.0,1603.0,0.15347505101263698,0.20168737602223422,0.19830668540180363,0.15081781657986892,46,45
Peyton Stearns,0.9774448601923592,0.9554726139995626,1.0229962071867469,0.7271028896113582,1.3188895247621357,0.5404217926186292,0.43911439114391143,0.4595782073813708,2222.0,15.0,1138.0,1084.0,615.0,476.0,0.14933050133743092,0.20537740046288247,0.198925302311945,0.15082787343225093,61,46
Magdalena Frech,0.9769411126483369,0.9600086567094092,1.0176378158890427,0.7187579063136873,1.3165177254643978,0.5664857530529173,0.41617742987606,0.43351424694708274,3007.0,21.0,1474.0,1533.0,835.0,638.0,0.1487872216552062,0.20700603130516526,0.20010353701526093,0.1519945634949009,43,47
Anastasia Potapova,0.9755750936055217,0.9516996266756573,1.0250871874493246,0.7508132057445431,1.299361169154106,0.5540950455005056,0.4243675787299948,0.4459049544994944,3915.0,33.0,1978.0,1937.0,1096.0,822.0,0.15172452309862397,0.20208025370060786,0.19832252414672463,0.15263079184968573,26,48
Cristina Bucsa,0.9663939133502292,0.9582108626198083,1.0085399269092483,0.7004483085864465,1.3166315452320503,0.5610098176718092,0.4206451612903226,0.43899018232819076,1488.0,13.0,713.0,775.0,400.0,326.0,0.14558939548010427,0.2078517339472399,0.20088169680050322,0.15257244711169268,35,49
Katerina Siniakova,0.9589947019582472,0.9247956380110112,1.0369801311139282,0.7403483756530899,1.3336118865747666,0.5495118549511855,0.4166094715168154,0.4504881450488145,2891.0,30.0,1434.0,1457.0,788.0,607.0,0.1501231105836955,0.2027736070215135,0.19895545093354644,0.14918542113818536,33,50
Dayana Yastremska,0.9525687558147847,0.9209926411774118,1.0342848718063649,0.7428993614664376,1.3256703821462923,0.5437392795883362,0.42021276595744683,0.45626072041166377,2294.0,32.0,1166.0,1128.0,634.0,474.0,0.15065124318237094,0.20278822542665087,0.20125673613003403,0.15181506567582398,48,51
Eva Lys,0.9520247603357895,0.8868538491512089,1.07348551426704,0.7497529583710986,1.3972180701629817,0.5106907894736842,0.4339457567804024,0.4893092105263158,2359.0,18.0,1216.0,1143.0,621.0,496.0,0.15880436928342173,0.211808926540867,0.20630748139624375,0.147655892664041,77,52
Daria Kasatkina,0.9499885285134847,0.9233540757039226,1.0288453297715259,0.7465894606967852,1.3111011988462664,0.515399737876802,0.44745762711864406,0.48460026212319796,6297.0,67.0,3052.0,3245.0,1573.0,1452.0,0.15683320772727066,0.21006619565845416,0.20452023285988816,0.1559911874383613,66,53
Laura Siegemund,0.9386086338193957,0.8882192046087187,1.0567308485892002,0.7648818670762478,1.3485798301021525,0.5273743016759777,0.4197952218430034,0.47262569832402235,1774.0,23.0,895.0,879.0,472.0,369.0,0.15967809948523995,0.20876177924783032,0.2018112006084315,0.14964720374999577,41,54
Maya Joint,0.9377198574589645,0.9063094457854437,1.0346574912350155,0.7511777016469664,1.3181372808230647,0.5379803395889187,0.418732782369146,0.46201966041108133,2208.0,18.0,1119.0,1089.0,602.0,456.0,0.15246608188126795,0.20296939265766833,0.1966057664847593,0.14915424162951807,51,55
Anhelina Kalinina,0.9352397633766891,0.9252501966385164,1.0107966113106113,0.7397147913321175,1.281878431289105,0.5320877335499594,0.43293591654247393,0.4679122664500406,2573.0,19.0,1231.0,1342.0,655.0,581.0,0.15302811167635005,0.20687447847401963,0.2040987770539607,0.15921851251425717,68,56
Solana Sierra,0.9339356085632858,0.8762795579597047,1.0657964117499503,0.7483284271576361,1.3832643963422646,0.5311804008908686,0.4108170310701956,0.4688195991091314,1767.0,15.0,898.0,869.0,477.0,357.0,0.15834491442203405,0.21159815486827488,0.20094913545504192,0.1452716747329052,55,57
Viktorija Golubic,0.9057368304383382,0.8731341075691681,1.0373398800786022,0.758422776828914,1.3162569833282907,0.5304621848739496,0.40996948118006105,0.4695378151260504,1935.0,18.0,952.0,983.0,505.0,403.0,0.1554605834997725,0.2049787905233778,0.2025510181905098,0.15388409767698918,73,58
Marie Bouzkova,0.9004582721798893,0.8742765422516199,1.0299467372884565,0.7407831048079957,1.3191103697689173,0.5498901098901099,0.3935205183585313,0.4501098901098901,4590.0,39.0,2275.0,2315.0,1251.0,911.0,0.15275276369978225,0.2062044378554967,0.1979094988967414,0.1500325548433156,27,59
Alycia Parks,0.8995723824463665,0.8780233058671089,1.0245427159339198,0.7548402453098065,1.294245186558033,0.5366548042704626,0.406827880512091,0.46334519572953736,2811.0,22.0,1405.0,1406.0,754.0,572.0,0.1542207739323617,0.20430915666011606,0.19701518260986497,0.1522240025738979,76,60
Varvara Gracheva,0.8961776361239094,0.8851099554483636,1.012504300293334,0.7332663689341206,1.2917422316525475,0.5084241823587711,0.43509865005192105,0.49157581764122893,1972.0,15.0,1009.0,963.0,513.0,419.0,0.15495033488895216,0.21131520747936208,0.20288761849484857,0.15706509667589874,69,61
Jaqueline Cristian,0.8956233934185782,0.8453837597330367,1.0594281982675025,0.7641570627252372,1.3546993338097677,0.5421052631578948,0.3870967741935484,0.45789473684210524,2601.0,18.0,1330.0,1271.0,721.0,492.0,0.1582279301513613,0.20706205290711846,0.19982749905003985,0.1475068999171003,39,62
Shuai Zhang,0.8703035285908779,0.836587129428778,1.0403023163709457,0.7403362673415582,1.3402683654003331,0.5291113381001021,0.3939393939393939,0.47088866189989786,1903.0,19.0,979.0,924.0,518.0,364.0,0.15100401275818867,0.2039667910643126,0.19399915110360996,0.14474649712832932,64,63
Ajla Tomljanovic,0.8621799380554147,0.8312800360278104,1.0371714713314377,0.756629369543153,1.3177135731197223,0.5311890838206628,0.3897131552917903,0.46881091617933723,2037.0,21.0,1026.0,1011.0,545.0,394.0,0.15375810204017237,0.20321455686158513,0.1986013933930858,0.15071666365467548,92,64
Kimberly Birrell,0.7299901106774341,0.6832067109844887,1.0684762004540784,0.7562518015318145,1.3807005993763424,0.49919743178170145,0.3421516754850088,0.5008025682182986,1190.0,13.0,623.0,567.0,311.0,194.0,0.1581515230034816,0.20912548265424313,0.19627431826344113,0.1421555972034035,70,65
